Correct,Misspellings
Apennines,Apenines Appenines
Athenian,Athenean
Athenians,Atheneans
Bernoulli,Bernouilli
Blitzkrieg,Blitzkreig
Brazilian,Brasillian
Britain,Britian
British,Brittish
Caesar,Ceasar
Cambridge,Cambrige
Caracas,carcas
Caribbean,Carribean
Carthaginian,Carthagian
Catalina,Cataline
Catiline,Cataline
Celsius,Celcius
Champagne,Champange
Connecticut,Conneticut
Cypriot,Cyprian
Ellis,eles
English,Enlish
European,Europian Eurpean Eurpoean
Europeans,Europians
February,febuary
Flemish,Flemmish
Franciscan,Fransiscan
Franciscans,Fransiscans
Gael,gae
Galatians,Galations
Gandhi,Ghandi
Gauguin,gogin
Guatemala,Guatamala
Guatemalan,Guatamalan
Guinness,Guiness
Israelis,Israelies
Ithaca,Ihaca
Jacques,Jaques
Japanese,Japanes
Joseph,Jospeh
Judaism,Juadaism Juadism
Libya,Lybia
Malcolm,Malcom
Maltese,maltesian
Mara_Liasson,liason
Massachusetts,Massachussets Massachussetts
Mediterranean,Mediteranean
Michigan,Michagan
Miranda,meranda
Mississippi,Missisipi Missisippi
Missouri,Misouri
Muslim,Mohammedan Muhammadan
Muslims,Mohammedans
Nazareth,Nazereth
New_Yorker,Newyorker
Newfoundland,Foundland
Nuremberg,Nuremburg
Orignal,orginal
Palestinian,Palistian Palistinian
Philippine,Phillipine
Philippines,Philipines Phillipines Phillippines
Portuguese,Portugese
Puccini,Pucini
Rockefeller,Rockerfeller
Russian,Russion russina
Saturday,Saterday
Saturdays,Saterdays
Sistine,Sixtin
Spanish,spainish
Tim,tiem
Ukrainian,Ukranian
Valletta,Valetta
Wednesday,wendsay wensday
Zionist,Sionist
Zionists,Sionists
a_lot,alot
abandon,abondon
abandoned,abondoned
abandoning,abondoning
abandons,abondons
aberration,aberation
about,baout boaut
absence,absense
absorbed,asorbed
absorption,absorbsion absorbtion
abuts,abutts
acceptable,acceptible
accessible,accessable
accession,accension
accidentally,accidently
acclimatization,acclimitization
accommodate,accomadate accomodate
accommodated,accomadated accomodated
accommodates,accomadates accomodates
accommodating,accomadating accomodating
accommodation,accomadation accomodation
accommodations,accomodations
accompanied,accompanyed
accomplish,acomplish
accomplished,acomplished
accomplishment,acomplishment
accomplishments,acomplishments
according,acording
accuracy,acuracy
accused,accussed
accustom,acustom
accustomed,acustommed
achieve,acheive achive
achieved,acheived achived
achievement,acheivement acheivment achievment
achievements,acheivements acheivments achievments
achieves,acheives
achieving,acheiving
acquaintance,acquaintence acquiantence aquaintance aquiantance
acquaintances,acquaintences acquiantences
acquainted,aquainted
acquire,adquire aquire
acquired,adquired aquired
acquires,adquires
acquiring,adquiring aquiring
acquisition,aquisition
acquitted,acquited aquitted
across,accross
actually,actualy
adaptation,adaption
adaptations,adaptions
adders,addres
additionally,additinally
address,addres adres adress
addressable,addresable adresable adressable
addressing,addresing adresing adressing
adequate,adecuate
adhering,adhearing
administrate,adminstrate
administration,adminstration
administrative,adminstrative
admissibility,admissability
admissible,admissable
admission,addmission
adolescent,adolecent
adopt,addopt
adopted,addopted
adoptive,addoptive
advertisement,advertisment
advertisements,advertisments
advice,adviced
advised,adviced
aerial,aeriel
aerials,aeriels
afford,affort efford
affords,effords
aficionado,afficionado
aficionados,afficionados
again,agian agina
aggravate,agravate
aggregate,agregate
aggregates,agregates
aggression,agression
aggressive,agressive
aggressively,agressively
aggrieved,agrieved
agree,agre
agreed,agred
agreeing,agreing
agreement,aggreement
agriculturist,agriculturalist
airborne,airbourne
airports,airporta
alcohol,alchohol
alcoholic,alcoholical
algebraic,algebraical
algorithm,algoritm
algorithms,algoritms
allege,alege alledge
alleged,aleged alledged
alleges,alledges
allegiance,alegience allegience
alleviate,alliviate
allophone,allopone
allophones,allopones
allot,alot
allotted,alotted
allusion,alusion
almost,almsot alomst
already,alreayd
also,alsot aslo
although,altho althought altough
always,alwasy alwyas
amateur,amature
amend,ammend
amendment,admendment amendmant ammendment
among,amoung
anal,anual
analogous,analagous analogeous
analytic,analitic
and,anbd
androgynous,androgenous
androgyny,androgeny
angina,agina
annihilation,anihilation
announced,anounced
annual,anual
annulled,annuled
anoint,annoint
anointed,annointed
anointing,annointing
anoints,annoints
anomalies,anomolies
anomalous,anomolous
anomaly,anomoly
anonymity,anonimity
anything,anytying
anywhere,anyhwere
apart,appart
apartment,appartment
apartments,appartments
apologetics,apolegetics
apologies,appologies
apology,appology
appalling,appealling
apparent,aparent apparant
appealing,appealling
appearance,appearence
appearances,appearences
application,aplication
appreciate,apprieciate
approaches,approachs
appropriate,appropiate
approximately,approximitely aproximately
apron,apon
arbitrarily,arbitarily
arbitrary,arbitary
archaeologist,archeaologist
archaeologists,archeaologists
archaeology,archaoelogy archaology
archeologist,archeaologist
archeologists,archeaologists
archeology,archaoelogy archaology
archetype,archtype
archetypes,archtypes
architect,archetect
architects,archetects
architectural,archetectural
architecturally,archetecturally
architecture,archetecture
archive,achive
archived,achived
armature,amature
arrangement,arangement
arrested,erested
article,artical articel
artificial,artifical
artificially,artifically
artillery,artillary
ascension,accension
ascetic,asetic
aspects,spects
assassin,assasin
assassinate,assasinate
assassinated,assasinated
assassinates,assasinates
assassination,assasination
assassinations,assasinations
assassins,assasins
assemble,assemple
assistant,assitant
associated,asociated
asteroid,asteriod
asymmetric,assymetric
atheistic,atheistical
attainder,attaindre
attained,attaindre
attempt,attemt
attempted,attemted
attempting,attemting
attempts,attemts
attendance,attendence
attendant,attendent
attendants,attendents
attitude,attitide
attribute,atribute
attributes,atributes
audience,audeince
author,autor
autobiographic,authobiographic
autobiography,authobiography
auxiliary,auxilliary
available,avalable avaliable
averaged,averageed
aviation,avation
away,awya
awkward,ackward
back,bakc bcak
backward,ackward
bandwidth,bandwith
bankruptcy,bankrupcy
barbecue,barbeque
basically,basicaly basicly
beautiful,beatiful beautyfull
became,becamae
because,beacuse becasue becouse becuase
becoming,becomming
before,befoer
begging,beggin
begin,beggin
beginner,begginer
beginners,begginers
beginning,beggining begining beginnig
beginnings,begginings
behavior,behavour
behaviour,behavour
belief,beleif
beliefs,belives
believe,beleive
believed,beleived
believes,beleives belives
believing,beleiving
beneficial,benificial
beneficiary,beneficary
benefit,benifit
benefits,benifits
besiege,beseige
besieged,beseiged
besieging,beseiging
bestiality,beastiality
between,vetween
bilaterally,bilateraly
binomial,binominal
blame,blaim
blamed,blaimed
blessing,blessure
boat,boaut
boundary,bondary boundry
bout,baout boaut
breakthrough,breakthough
brilliant,briliant
broadly,broady
buffaloes,buffalos
buffalos,buffaloes
bureaucracy,beaurocracy
burin,buring
burning,buring
burying,buring
business,buisness busineses busness
businesses,busineses
caisson,casion
calculate,caluclate caluculate calulate
calculated,caluclated caluculated calulated
calendar,calender
calligraphy,caligraphy
campaign,campain
campaigns,campains
can't,cant
candidate,candadate
canister,cannister
canisters,cannisters
canonical,cannonical
cant,cant
capability,caperbility
carcass,carcas
caring,careing
carnivorous,carniverous
cartilage,cartilege cartilidge
cartographer,carthographer
cartridge,cartrige
cassette,casette
cassowary,cassawory cassowarry
casualties,casulaties causalities
casualty,casulaty
categories,catagories
category,catagory
caterpillar,catterpilar
caterpillars,catterpilars
catholic,cathlic
cemeteries,cemetaries
cemetery,cemetarey cemetary
censor,censur
censure,censur sensure
census,cencus
centuries,centruies
century,centruy
ceremonial,cerimonial
ceremonies,cerimonies
ceremonious,cerimonious
ceremony,cerimony
certain,ceratin
certainty,certainity
cervical,cervial
chairman,chariman
character,carachter charachter
characteristics,charistics
characterized,charaterized
characters,charachters
charismatic,carismatic
chase,chasr
chaser,chasr
cheat,sheat
chemical,chemcial
chemically,chemcially chemicaly
chemistry,chemestry
chief,cheif
childbirth,childbird
children's,childrens
chosen,choosen
church,curch
circuit,ciricuit
civilian,civillian
claims,claimes
clear,claer clera
clearance,cleareance
clearer,claerer
clearly,claerly
clinical,clincial
clinically,clinicaly
cloud,coudl
coast,caost
collateral,colateral
colleague,collegue
colleagues,collegues
collectible,collectable
colonies,collonies
colonnade,collonade
colony,collony
coloration,colouration
colossal,collosal
colouration,coloration
comeback,comback
coming,comming
commandeer,comander
commander,comander
commando,comando
commandos,comandos commandoes
commemorated,commmemorated
commemorative,commemerative
commercial,commericial
commercially,commericially
commission,comision comission commision
commissioned,comisioned comissioned commisioned
commissioner,comisioner comissioner commisioner
commissioning,comisioning comissioning commisioning
commissions,comisions comissions commisions
committed,comited comitted commited
committee,comittee commitee committe
committing,comiting comitting commiting
commonly,commongly
communication,communciation
comparative,comparitive
comparison,comparision
compatibility,compatiblity
competence,competance
competent,competant compitent
competition,competion
competitive,competive
compiler,complier
completion,competion
comprehensive,comphrehensive
compromise,comprimise
concentrate,consentrate
concentrated,consentrated
concentrates,consentrates
concept,consept
concern,consern
concerned,conserned
concerning,conserning
condemned,condemmed
condition,condidtion
conditions,condidtions
confidential,confidental
confidentially,confidentally
conform,coform
congressional,congresional
conjecture,conjecutre
connived,conived
connotation,cannotation
connotations,cannotations
conqueror,conquerer
conquerors,conquerers
conscious,concious
consciously,conciously
consciousness,conciousness
consensus,concensus
consent,conscent
conservative,conservitive
consider,concider consdider
considered,concidered consdidered considerd
considers,conciders
consolidate,consolodate
consolidated,consolodated
consonant,consonent
consonants,consonents
consortium,consorcium
constant,constatn
constantly,constanly
constituencies,consituencies
constituency,consituency
constituent,constituant
constituents,constituants
constitution,consitution constituion costitution
constitutional,consitutional constituional
constraints,constaints
construction,constuction
consummate,consumate
consummated,consumated
contains,containes countains
contaminate,contaiminate
contemporaneous,contemporaneus
contemporaries,contamporaries
contemporary,contamporary contemporaneus
continuing,continueing
continuous,continous
continuously,continously
contributor,contributer
contributors,contributers
control,controll
controlled,controled
controlling,controling
controls,controlls
controversial,contravercial controvercial
controversies,controveries
controversy,contraversy controvercy controvery
convenient,conveinent convienient
conventional,convential
conversion,convertion
converted,coverted
converter,convertor
converters,convertors
conveyor,conveyer
cooperation,coorperation
coordination,coordiantion
copy,cpoy
copyright,copywrite
corporate,corparate
corporation,coorperation
correspond,corrispond
corresponded,corrisponded
correspondent,correspondant corrispondant
correspondents,correspondants corrispondants
corresponding,correponding correposding corrisponding
corresponds,corrisponds
corrosion,corosion
could,coudl sould
councillor,councellor
councillors,councellors
counsellor,councellor
counsellors,councellors
counselor,councellor
counselors,councellors
countries,ocuntries
country,ocuntry
courier,coururier
couturier,coururier
covenant,convenant
covered,coverted
coveted,coverted
coy,cpoy
created,creaeted
criterion,critereon
criticise,critisize
criticised,critisized
criticises,critisizes
criticising,critising critisizing
criticism,critisism
criticisms,critisisms
criticize,critisize
criticized,critisized
criticizes,critisizes
criticizing,critising critisizing
critics,criticists
crucifixion,crucifiction
cruises,crusies
culminating,culiminating
cumulative,cumulatative
currently,currenly
cyan,cxan
dahl,dael
daub,doub
de_rigueur,de_rigeur
deal,dael
debatable,debateable
deceived,decieved
decidable,decideable
decide,deside
decidedly,decidely
deciduous,ecidious
decipher,decypher
deciphered,decyphered
decision,descision
decisions,descisions
decompose,decomposit
decomposed,decomposited
decomposes,decomposits
decomposing,decompositing
defiance,definance
define,deffine
defined,deffined
definite,definate definit
definitely,definately definatly definetly definitly
deities,dieties
deity,diety
demeanor,damenor demenor
demeanour,damenor demenor
demographic,demographical
denigrating,denegrating
dependence,dependance
dependency,dependancy
dependent,dependant
derived,deriviated dirived
derogatory,derogitory
descendant,decendant descendent
descendants,decendants decendents descendents
describe,decribe discribe
described,decribed discribed
describes,decribes discribes
describing,decribing discribing
desiccated,dessicated
designed,desgined dessigned
desirable,desireable
despair,dispair
desperate,desparate
desperation,despiration
despicable,dispicable
despite,dispite
destroy,stroy
destructive,distructive
detached,detatched
detailed,detailled
determining,determinining
detrimental,detremental
develop,develope
developed,developped
development,devolopement
device,divice
dial,dael
didn't,didnt
die,diea
different,diferent diferrent diffrent
difficulties,dificulties
difficulty,dificulty
dimension,dimention
dimensions,dimenions dimentions
diphthong,diphtong dipthong
diphthongs,diphtongs dipthongs
directly,driectly
disagreement,dissagreement
disappear,dissapear dissappear
disappeared,dissapeared
disappearing,dissapearing
disappears,dissapears dissappears
disapproval,disaproval
disaster,diaster
disastrous,disasterous
discontent,discontentment
discover,dicover
discovered,dicovered
discovering,dicovering
discovers,dicovers
discovery,dicovery
discuss,descuss
disintegrated,desintegrated
disintegration,desintegration
disobedience,disobediance dissobediance dissobedience
disobedient,disobediant dissobediant dissobedient
disparagingly,disparingly
disparate,desparate
dispense,dispence
dispensed,dispenced
dispensing,dispencing
dissatisfaction,disatisfaction
dissatisfied,disatisfied
dissemination,disemination
dissolved,disolved
distinguish,distingish
distinguished,distingished
distinguishes,distingishes
distinguishing,distingishing
diverged,diversed
diverse,diversed
divide,devide
divided,devided
division,divison
divisions,divisons
document,doccument
documented,doccumented
documents,doccuments
does,doens
doesn't,doesnt
doing,doign donig
dominant,dominent dominiant
doubt,doub
dram,deram
dramatic,dramtic
dream,deram
dreams,dreasm
dressing,adressing
drink,drnik
drumming,druming
dukedom,dukeship
during,buring durring
dyeing,dieing
dying,dieing
earned,earnt
eclectic,electic
eclipse,eclispe
efficient,effecient efficent
efficiently,effeciently efficently
effluence,effulence
effort,affort efford
efforts,effords
eighth,eigth
election,electon
electric,electic
electrical,electrial
electrically,electricly
electricity,electricty
electron,electon
elementary,elimentary
elephant,elphant
elicited,elicided
eligible,eligable
eliminated,eleminated
eliminating,eleminating
else,esle
emanate,eminate
embarrass,embarass embarras
embarrassed,embarassed embarrased
embarrassing,embarassing embarrasing
embarrassment,embarassment embarrasment
embezzled,embezelled
emigrant,imigrant
emigrated,emmigrated imigrated
emigration,imigration
eminent,emminent imanent iminent
eminently,emminently
emissaries,emmisaries emmisarries
emissary,emmisarry emmisary
emission,emision emition emmision
emitted,emited emmited emmitted
emitting,emiting emmiting emmitting
emotion,emition
emphysema,emphysyma
empirical,emperical empirial
enamored,enamoured
enamoured,enamored
encryption,encryptiion
engineer,engeneer engieneer
engineering,engeneering
engineers,engieneers
enlargement,enlargment
enlargements,enlargments
enlist,Enlish
enmity,emnity
enormous,enourmous
enormously,enourmously
entertaining,intertaining
entrepreneur,entrepeneur
entrepreneurs,entrepeneurs
enumerable,inumerable
environment,enviorment enviornment enviroment
environmental,enviormental enviornmental enviromental
environmentalist,enviornmentalist enviromentalist
environmentally,enviormentally enviornmentally enviromentally
environments,enviorments enviornments enviroments
equatorial,equitorial
equilibrium,equilibium equilibrum
equipment,equippment
equipped,equiped
erected,erested
erratic,eratic
erratically,eraticly
essence,essense
essential,esential essencial essentual essesital
ethos,ethose
every,eveyr
evidently,evidentally
evil,efel
exacerbate,exerbate
exacerbated,exerbated
exaggerate,exagerate exagerrate
exaggerated,exagerated exagerrated
exaggerates,exagerates exagerrates
exaggerating,exagerating exagerrating
exalted,exhalted
example,exemple exmaple
exceeded,excedded
excel,excell
excellent,exelent
excels,excells
excerpt,exerpt
excerpts,exerpts
execute,excecute
executed,excecuted
executes,excecutes
executing,excecuting
execution,excecution
exempt,exampt
exerted,extered
exhibition,exibition
exhibitions,exibitions
existence,existance
existent,existant
exoskeleton,exoskelaton
expects,spects
expel,expell
expels,expells
explain,expalin
exploitative,exploititive
extant,extint
external,exerternal
extinct,extint
extraordinarily,extrordinarily
extraordinary,extrordinary
extraterrestrial,extraterrestial
extravagant,extravagent
eyas,eyars
facilitate,faciliate
facilitated,faciliated
famous,famoust
fanaticism,fanatism
fascinated,facinated
feasible,feasable
feel,fiel
feels,fiels
fictitious,ficticious fictious
field,fiel
fields,fiels
filament,filiament
file,fiel
files,fiels
finally,fianlly finaly
financially,financialy
find,fidn
first,firts
fled,fleed
flirts,firts
flourish,fluorish
fluorescent,florescent
forbade,forbad
forehead,forhead
foreign,foriegn
foremost,formost
forerunner,forunner
forfeit,forfiet
form,fomr
formalize,formallize
formalized,formallized
forty,fourty
fought,faught fougth
found,foudn
foundries,foundaries
foundry,foundary
freed,fleed
friend,freind
friends,firends
from,fomr
fundamental,fundametal
fundamentals,fundametals
fungi,funguses
further,furuther
gale,gae
game,gae
gases,gasses
genealogies,geneologies
genealogy,geneology
generally,generaly
genitalia,genialia
goddess,godess
goddesses,godesses
going,gogin goign gonig oging
gourd,gaurd
government,goverment govorment
governmental,govermental govormental
governor,gouvener governer
graffiti,grafitti
grammar,grammer
grammatically,gramatically grammaticaly
grateful,greatful
gratefully,greatfully
gratuitous,gratuitious
great,gerat graet grat
grief,greif
group_sex,groupsex
grow,grwo
guanine,gunanine
guarantee,guarentee
guaranteed,garanteed guarenteed guranteed
guarantees,guarentees
guard,gaurd
guerilla,guerrila
guerillas,guerrilas
guerrilla,guerrila
guerrillas,guerrilas
guidance,guidence
guttural,guttaral gutteral
habeas,habaeus habeus
happen,ahppen hapen
happened,hapened happended
happening,hapening
harass,harras harrassing
harassed,harased harrased
harasses,harases harrases
harassing,harrasing
harassment,harasment harrasment
hare,hace
have,ahev ahve haev hvae hvea
having,hvaing
heave,haev hvea
heritage,inheritage
heroes,heros
heterogeneous,heterogenous
holy,wholy
hydrophilic,hydropilic
hydrophobic,hydropobic
hygiene,hygeine
hypocrisy,hypocracy hypocrasy hypocricy
hypocrite,hypocrit
hypocrites,hypocrits
iconoclastic,iconclastic
idea,diea idae
ideas,idaes idesa
identical,identicial
ideologies,idealogies
ideology,idealogy
ides,idesa
idiosyncratic,ideosyncratic
illegitimacy,illegimacy
illegitimate,illegitmate
illogical,ilogical
illusion,alusion illution
imagery,imaginery
imaginary,imagenary imaginery
imagine,imagin
imbalance,inbalance
imitate,immitate
imitated,immitated
imitating,immitating
imitator,immitator
immanent,iminent
immediately,emmediately imediately immediatley immidately immidiately
immense,imense
immigrant,imigrant inmigrant
immigrants,inmigrants
immigrated,imigrated
immigration,imigration
imminent,emminent imanent iminent
impeach,inpeach
impedance,impedence
imperial,empirial
impolite,inpolite
imprisonment,inprisonment
improvisation,improvision
in_spite,inspite
inaccessible,inaccessable
inappropriate,inappropiate
incompatibility,incompatiblity
incompetence,incompetance
incompetent,incompetant
incorporation,incorperation
incorruptible,incorruptable
incredible,increadible incredable
incunabula,incunabla
indefinitely,indefinately indefinitly
independence,independance independece
independent,independant indipendent indpendent
independently,indepedantly independantly indipendently indpendently
indict,indite
indispensable,indispensible
indisputable,indisputible
indisputably,indisputibly
indulge,indulgue
industrial,indutrial
inevitable,inevatible inevitible
infectious,infectuous
infiltrate,infilitrate
infiltrated,infilitrated
infinite,infinit
inflammation,inflamation
influenced,influented
influential,influencial
information,infomation
ingredients,ingreediants
inhabitant,habitant
inhabitants,habitants
inheritance,inheritage
initiation,initation
innocence,inocence
innumerable,inumerable
insidious,ecidious
insistence,insistance
instance,instatance
instead,instade
institution,insitution
institutions,insitutions
integrated,intergrated
integration,intergration
intellectual,intelectual
intelligence,inteligence
intelligent,inteligent
interbred,interbread
interbreed,interbread
interchangeably,interchangably
interest,intrest
international,internation
interpret,interpet
interregnum,interrugum
interrelated,interelated
interrupt,interupt
into,inot
introduce,inctroduce
introduced,inctroduced
intuitive,intutive
intuitively,intutively
inventor,inventer
invertebrates,invertibrates
involvement,involvment
ironically,ironicly
irrelevant,irelevent
irresistible,iresistable iresistible irresistable
irresistibly,iresistably iresistibly irresistably
irritable,iritable
irritated,iritated
isn't,isnt
jeopardy,jeapardy
journeys,journies
judicial,judical
judiciary,judisuary
just,jstu jsut
keratin,ceratin
kindergarten,kindergarden
know,knwo konw kwno nkow nkwo
knowledge,knowlege
knowledgeable,knowledgable knowlegeable
knows,knwos konws
laboratory,labratory
laid,layed
language,laguage
languages,laguages
larvae,lavae
last,lsat
lavatory,labatory
leaf,lief
lean,leanr
leaner,leanr
learn,leanr leran
learns,lerans
led,leaded
legitimate,legitamate
leisure,liesure
length,lenght
level,levle
levitate,levetate
levitated,levetated
levitates,levetates
levitating,levetating
liable,lible
liaison,liason
libel,libell lible
library,libary
licence,lisence lisense
license,lisence lisense
licensed,licenced
licensing,licencing
lieutenant,leutenant
life,lief
light_year,lightyear lightyears
like,liek liuke
liked,liekd
likelihood,likelyhood
linguistic,libguistic
linguistics,libguistics
liquefy,liquify
literature,litature literture
little,littel
lively,livley
loneliness,lonelyness
lonely,lonley lonly
losing,loosing
lot,alot
love,loev lveo lvoe
lying,lieing
made,maked
magnolia,magolia
maintenance,maintainance maintainence maintance maintenence
majority,marjority
make,amke mkae mkea
makes,makse mkaes
making,amking mkaing
mammal,mamal
mammalian,mamalian
management,managment
maneuver,manouver manuever
maneuverability,manoeuverability manouverability
maneuverable,manouverable
maneuvers,manouvers manuevers
manoeuvrability,manoeuverability manouverability
manoeuvrable,manouverable
manoeuvre,manouver manuever
manoeuvres,manouvers manuevers
manufacture,manufature
manufactured,manufatured
manufacturing,manufaturing
mare,mear
marked,maked
marketing,marketting
marriage,marrage marraige
married,marryied
mass_media,massmedia
mathematician,mathmatician
mathematicians,matheticians mathmaticians
mathematics,mathamatics
mediaeval,medeival
medicine,medacine
medieval,medeival
member,memeber
mentioned,maintioned
mere,mear
messenger,messanger
metallic,metalic
metallurgic,metalurgic
metallurgical,metalurgical
metallurgy,metalurgy
metamorphosis,metamorphysis
midwives,midwifes
milieu,mileau mileu
military,millitary
millennium,milennium millenium
millipede,millepede
miniature,minature
ministry,ministery
minuscule,miniscule
miscellaneous,miscelaneous miscellanious miscellanous
mischievous,mischeivous mischevious mischievious
misdemeanor,misdameanor misdemenor
misdemeanors,misdameanors misdemenors
misdemeanour,misdameanor misdemenor
misdemeanours,misdameanors misdemenors
misogynist,mysogynist
misogyny,mysogyny
missel,missle
missile,misile missle
misspelling,mispelling
mizzen,missen
model,modle
moment,moent
monasteries,monestaries
monastery,monestary
monetary,monestary
money,moeny
monolithic,monolite
more,mroe omre
mortgage,morgage
most_famous,famoust
motivated,motiviated
movie,movei
mucous,mucuous
municipalities,muncipalities
municipality,muncipality
murder,muder
murdering,mudering
muscles,muscels
mussels,muscels
myriad,myraid
myself,mysef
mysterious,misterious misteryous mysterous
mystery,mistery
natural,naturual
naturally,naturaly naturely naturually
necessarily,neccesarily neccessarily necesarily nessasarily
necessary,neccesary neccessary necesary
need,ened
negligible,neglible negligable
negotiate,negociate
negotiation,negociation negotation
neighbor,neigbour
neighboring,neigbouring
neighbors,neigbours
neighbour,neigbour
neighbouring,neigbouring
neighbours,neigbours
next,enxt
nice,neice
nickel,nickle
niece,neice
nineteenth,ninteenth
ninety,ninty
ninth,nineth
no_one,noone
north,noth
northeastern,northereastern
northern,northen nothern
not,nto onot
notable,noteable
notably,noteably
note,onot
noticeable,noticable noticible
noticing,noticeing
notoriety,noteriety
nouveau,noveau
nuclear,nucular nuculear
nuisance,nuisanse nusance
nutrient,nutritent
nutrients,nutritents
obedience,obediance
obedient,obediant
obstacle,obstacal
occasion,ocasion ocassion occassion
occasional,ocasional ocassional occassional
occasionally,ocasionally ocasionaly ocassionally occassionally occassionaly
occasioned,ocasioned ocassioned occassioned
occasions,ocasions ocassions occassions
occur,occurr ocurr
occurred,occured ocurred
occurrence,occurance occurence occurrance ocurrance ocurrence
occurrences,occurances occurences occurrances
occurring,occuring
octahedral,octohedral
octahedron,octohedron
official,offical
officially,offically officaly officialy
ogling,oging
omission,omision ommision
omitted,omited ommited ommitted
omitting,omiting ommiting ommitting
omnivorous,omniverous
omnivorously,omniverously
one,noone
only,lonly onyl
ophthalmic,opthalmic
ophthalmologist,opthalmologist opthamologist
ophthalmology,opthalmology
opinion,oppinion
opponent,oponent
opportunity,oportunity
opposite,oposite
opposition,oposition
oppression,opression
oppressive,opressive
optimism,optomism
orally,erally
organ,orgin
organism,organim
origin,orgin
original,orginal origional
originally,originaly originnally orignally
other,otehr
overshadowed,overshaddowed
overwhelming,overwelming
oxygen,oxigen
oxymoron,oximoron
paid,paide payed
palace,palce
pamphlet,pamplet
pantomime,pantomine
parakeets,parrakeets
parallel,paralel paralell parralel parrallel parrallell
paraphernalia,paraphenalia
parenthesis,paranthesis
parliamentarian,paliamentarian
particular,parituclar
particularly,particularily
passed,pased
pastime,pasttime
pastoral,pastural
patented,pattented
peculiar,peculure
pejorative,perjorative
penalty,penatly
peninsula,penninsula penninsular pennisula
peninsular,penninsular
people,peopel
perceived,percepted percieved
performance,performence
performed,performes
performs,performes
perhaps,perhasp perheaps perhpas perphas
peripatetic,peripathetic
perjury,perjery
permanent,permenant
permissible,permissable
permission,premission
perpendicular,perpindicular
persistence,persistance
persistent,persistant
personal,personel
personnel,personel personell personnell
persuade,pursuade
persuaded,pursuaded
persuades,pursuades
persuading,pususading
perturbation,pertubation
perturbations,pertubations
petition,petetion
phenomena,phenonmena
phenomenal,phenomenonal phenomenonly
phenomenally,phenomenonly
phenomenon,phenomonenon
pheromone,feromone
phial,fiel
phials,fiels
philosopher,philisopher
philosophical,philisophical
philosophy,philisophy
phonetic,fonetic
phonograph,phongraph
piece,peice
pilgrimage,pilgrimmage
pilgrimages,pilgrimmages
pineapple,pinapple pinnaple
pitch,pich
place,palce
plaintiff,plantiff
planned,planed
playwright,playwrite
playwrights,playwrites
pleasant,plesant
poem,peom
poems,peoms
poetry,peotry
pogrom,progrom
pogroms,progroms
poison,poisin
pollinator,polinator
pollute,polute
polluted,poluted
pollutes,polutes
polluting,poluting
pollution,polution
pomegranate,pomegranite
popularity,popularaty
portrayed,protrayed
position,positon possition postion
positron,positon
possess,posess
possessed,posessed
possesses,posesses posseses
possessing,posessing possesing
possession,posession possesion
possibility,possibilty
possible,possable
possibly,possably
power,pwoer
powerful,powerfull
practical,practial
practically,practially practicaly practicly
practitioner,practicioner
practitioners,practicioners
prairie,prairy
preamble,preample
precede,preceed
preceded,preceeded
precedes,preceeds
preceding,preceeding
precursor,precurser
predecessor,precedessor
predominately,prominately
preferably,preferrably
preferred,prefered
preferring,prefering
pregnancies,pregancies
premiere,premeire
premiered,premeired
preparation,prepartion
prepare,prepair
prerogative,perogative
presence,presense
presidential,presidental
prestigious,prestigeous prestigous
presumably,presumibly
prevalent,prevelant
previous,previvous
primitive,primative
primitively,primatively
primitives,primatives
primordial,primordal
principal,pricipal
principle,priciple
privilege,privelege privelige privilage priviledge privledge
privileged,priveleged priveliged
privileges,priveledges priveleges priveliges priviledges
pro_tem,protem
probability,probalibity
probably,probablly probaly
problem,probelm
procedure,procedger proceedure
proceed,procede
proceeded,proceded
proceeding,proceding
proceedings,procedings
process,proccess
processing,proccessing
proclaimed,proclamed
proclaiming,proclaming
proclamation,proclomation
profession,profesion proffesion
professor,profesor proffesor
profusion,profesion
program,progrom
programmable,programable
programs,progroms
prohibition,prohabition
prolegomena,prologomena
prolific,profilic
prominence,prominance
prominent,prominant
prominently,prominantly prominately
promiscuous,promiscous
pronominal,pronomial
pronunciation,pronounciation
propaganda,propoganda
propagate,propogate
propagates,propogates
propeller,propellor
propellers,propellors
proper,propper
prophecy,prophacy
proportions,propotions
proprietary,propietary proprietory
proselytizing,proseletyzing
protagonist,protaganist
protagonists,protaganists
protein,protem
protuberance,protruberance
provided,provded
pseudonym,pseudonyn
pseudonymous,pseudononymous
psychic,psyhic pyscic
psychology,psycology
publicly,publically
pumpkin,pumkin
purpose,perphas
purposely,purposedly
pursue,persue
pursuing,persuing
pursuit,persuit
putting,puting
quantity,quantaty quantitiy
quarantine,quarantaine
quickly,quicklyu
quiet,qtuie qutie
quite,qtuie qutie
quizzes,quizes
rabbinical,rabinnical
rarefied,rarified
ratify,radify
real,rela
realised,relized
realized,relized
really,erally raelly realy realyl relaly
recall,reacll
receded,receeded
receding,receeding
receipt,reciept
receive,recieve
received,recieved
receiver,reciever
receivers,recievers
receives,recieves
receiving,recieving
recipient,recepient recipiant
recipients,recepients recipiants
recognize,recogize
recommend,reccomend reccommend recomend
recommended,reccomended reccommended recomended
recommending,reccomending reccommending recomending
recommends,recomends
reconciliation,reconcilation
reconnaissance,reconaissance reconnaissence
record,recrod
recreational,recrational
recurring,reccuring
reevaluated,revaluated
reference,referrence refference
referral,referal
referred,refered reffered
referring,refering
refers,referrs
refrigerator,refridgerator
refusal,refusla
regardless,irregardless
regular,regluar
regularly,reguarly regularily
rehearsal,rehersal
relationship,relatiopnship
relatively,relativly
relevance,relevence
relevant,relevent
relieve,releive
relieved,releived
religious,religeous religous
remember,remeber
remembrance,rememberance remembrence
reminiscent,reminescent
remnant,reminent
renown,reknown
renowned,reknowned
repartition,repatition
repentance,repentence
repentant,repentent
repetition,repatition repetion
representative,representive
representatives,representives
required,recquired
resemblance,resemblence ressemblance ressemblence
resemble,ressemble
resembled,ressembled
resembling,ressembling
reside,recide
resided,recided
resident,recident
residents,recidents
residing,reciding
resistance,resistence
resistant,resistent
resistible,resistable
response,reponse responce
responsibility,responnsibilty
responsible,reponsible
restaurant,restaraunt resteraunt restraunt
restaurants,restaraunts resteraunts
restoration,restauration
restraint,restraunt
resurrecting,resurecting
resurrection,ressurection
retaliated,retalitated
retaliation,retalitation
reversible,reversable
revolutionary,revolutionar
rewrite,rewriet
rhyme,rhymme
rhythm,rhythem rhythim rythem rythim rythm
ridiculous,rediculous
rigor,rigeur
rigorous,rigourous
rigour,rigeur
ringing,rininging
rococo,rococco
room-mate,roomate
roommate,roomate
roughly,rougly
rule,rulle
sacrifice,sacrafice
safety,saftey
salary,salery
same,smae
sandwich,sandwhich
sassy,sasy
satellite,satelite sattelite
satellites,satelites sattelites
satyr,sotyr
says,sasy syas
scalable,scaleable
schedule,schedual
scholarly,scholarstic
scholastic,scholarstic
sclera,clera
script,scirpt scripot
scroll,scoll
secede,seceed
seceded,secceeded seceeded
secretary,secratary secretery
seize,sieze
seized,siezed
seizing,siezing
seizure,siezure
seizures,siezures
sense,sence
separate,seperate
separated,seperated
separately,seperately
separates,seperates
separating,seperating
separation,seperation
sepulcher,sepulchure sepulcre
sepulchre,sepulchure sepulcre
sergeant,sargant
serval,cervial
servile,cervial
several,severeal
severely,severley
shadow,shaddow
sheath,sheat
sheet,sheat
sheriff,sherif
shining,shineing
should,shoudl shoudln sould
shouldn't,shoudln shouldnt
show,sohw
sidereal,sedereal sideral
siege,seige
signatories,signitories
signatory,signitory
significantly,signifantly significently
similar,similiar simmilar
similarity,similiarity
similarly,similarily
simpler,simplier
simply,simpley
simultaneous,simultanous
since,sicne sinse
sincerely,sincerley
sines,sinse
singsong,singsog
size,sieze
sized,siezed
sizing,siezing
sneeze,snese
sold,sould
soldiers,soliders
soliloquy,soliliquy
solitary,solatary
some,smoe soem
sophisticated,sophicated suphisticated
sophomore,sophmore
sound,soudn
sounds,soudns
soup,suop
south,sourth
southern,sourthern
souvenir,souvenier
souvenirs,souveniers
sovereign,soverign
sovereignty,sovereignity soverignity
specialised,speciallized
specialized,speciallized
specific,specif
specify,specif
specimen,speciman
spectacular,spectauclar
speech,speach
spermatozoa,spermatozoan
spermatozoon,spermatozoan
sponsor,sponser
sponsored,sponzored
spontaneous,spontanous
spread,spreaded
start,strat
statement,statment
stop,stpo
stories,storeis storise
story,sotry sotyr stopry stoyr stroy
strand,strnad
strange,stange
strata,strat
strategic,startegic
strategies,startegies stradegies
strategy,startegy stradegy
strength,strenght
strengthen,strenghen strenghten
strengthened,strenghened strenghtened
strengthening,strenghening strenghtening
strenuous,strenous
strictest,strictist
stringent,stingent
striven,strived
strongest,stornegst
strove,strived
structure,stucture
structured,stuctured
stubbornness,stubborness
study,studdy
stylus,stilus
subpoena,sepina
subsidiary,subsidary subsiduary
substance,substace
substantial,substatial
subterranean,subterranian
subtract,substract
subtracted,substracted
subtracting,substracting
subtraction,substraction
subtracts,substracts
succeed,seceed suceed
succeeded,secceeded seceeded suceeded
succeeding,suceeding
succeeds,suceeds
success,sucess
successes,sucesses
successful,succesful successfull sucesful sucessfull
successfully,succesfully succesfuly sucesfully sucesfuly sucessfully sucessfuly
succession,succesion sucesion sucession
successive,succesive sucessive
sufficient,sufficent
sufficiently,sufficently
suffrage,sufferage
summary,sumary
superintendent,superintendant
supersede,supercede
superseded,superceded
supplanted,surplanted
support,wupport
suppose,supose
supposed,suposed
supposedly,suposedly
supposes,suposes
supposing,suposing
suppress,supress
suppressed,supressed surpressed
suppresses,supresses
suppressing,supressing
surely,surley
surly,surley
surprise,suprise suprize surprize
surprised,suprised suprized surprized
surprising,suprising suprizing surprizing
surprisingly,suprisingly suprizingly surprizingly
surrendered,surrended
surreptitious,surrepetitious surreptious
surreptitiously,surrepetitiously surreptiously
surround,suround
surrounded,surounded surrended
surrounding,surounding
surroundings,suroundings
surrounds,surounds
surveyor,surveyer
survivors,survivers
susceptible,suseptible
swear,swaer
swears,swaers
swimming,swiming
symmetric,symmetral
symmetrical,symetrical
symmetrically,symetrically symmetricaly
symmetry,symetry
synonymous,synonomous
syphilis,syphyllis
syrup,syrap
take,tkae
takes,tkaes
taking,tkaing
talked,talekd
talking,tlaking
targeted,targetted
targeting,targetting
taste,tast
tattoos,tattooes
taught,teached
taxonomic,taxanomic
taxonomy,taxanomy
technician,techician
technicians,techicians
temperament,temperment
temperate,temparate
temperature,temperture
tendencies,tendancies
tendency,tendancy
tennis_player,tennisplayer
tentacle,tenacle
tentacles,tenacles
terrestrial,terrestial
territories,terriories
territory,terriory
terrorist,territorist
than,tahn thna
that,taht tath thgat thta tyhat
the,tghe ther thge tje tjhe
theater,theather
theatre,theather
their,ther theri thier
themselves,themselfs
then,thne
theologian,theologist
there,ther
these,theese
they,tehy tyhe
thickening,thikning
thief,theif
thieves,theives
thing,thign thnig
things,thigns thigsn thnigs
think,thikn thiunk tihkn
thinking,thikning
thinks,thikns
third,thrid
this,thsi tihs
thoroughly,throughly
those,ethose thsoe
three,threee
threshold,threshhold
through,throught thru
throughout,throught
time,tiem timne tiome
tobacco,tobbaco
today,todya
today's,todays
tolerance,tolerence
tomatoes,tomatos
tome,tiome
tomorrow,tommorow tommorrow
tonight,tongiht
torch,tourch
tornadoes,tornados
toroidal,toriodal
touch,tourch
toward,towrad
town,twon
traditionally,traditionaly
traffic,trafic
trafficked,trafficed
transcendence,transcendance
transcendent,trancendent transcendant
transcendental,transcendentational
transcending,trancending transending
transcribing,transcripting
transcription,transcripting
transferred,transfered
transferring,transfering
translator,translater
translators,translaters
transmissible,transmissable
tremolo,tremelo
trilogy,triology
troops,troups
troupes,troups
truly,truely
trunk,turnk
turnkey,turnk
tyranny,tyrany tyrrany
ubiquitous,ubiquitious
uncertainty,uncertainity
unconscious,unconcious
unconsciousness,unconciousness
unconventional,unconvential
undecidable,undecideable
unfortunately,unforetunately unfortunatly
unilateral,unilatreal
unilaterally,unilatreally
universities,univeristies univesities
university,univeristy univesity
unnecessarily,unneccesarily unneccessarily unnecesarily
unnecessary,unecessary unneccessary unnecesary
unpleasant,unplesant
unrepentant,unrepentent
unsaid,unsed
unsubstantiated,unsubstanciated
unsuccessful,unsuccessfull unsucesful unsucessfull
unsuccessfully,unsucesfuly unsucessfully
unsurprised,unsuprised unsuprized unsurprized
unsurprising,unsuprising unsuprizing unsurprizing
until,untill
unusable,unuseable
unused,unsed
unwieldy,unweildly unwieldly
upon,apon
usable,useable
usage,useage
use,uise useage
used,unsed
useful,usefull
usefully,usefuly
using,useing
usually,usally usualy
vacuum,vaccum vaccume
vagina,agina
valuable,valuble valueable
varieties,varities
variety,varity
vegetable,vegitable
vegetables,vegitables
vengeance,vengance
venomous,venemous
veranda,meranda
verification,verfication
very,veyr vrey vyer vyre
vicinity,vacinity
vigor,vigeur
vigorous,vigourous
vigour,vigeur
vilify,villify
villain,villian villin
villein,villin
villi,villin
visible,visable
visibly,visably
visiting,visting
volcano,volcanoe
volcanoes,volcanos
voluntary,volontary
volunteer,volonteer volounteer
volunteered,volonteered volounteered
volunteering,volonteering volounteering
volunteers,volonteers volounteers
want,watn wnat
want_to,wanna
wanted,wnated
wants,wnats
warrant,warrent
was,wass ws
wasn't,wasnt
weaponry,weaponary
wear,mear
weather,wether
weird,wierd
what,waht whta
when,wehn
wherever,whereever
whether,wether
which,hwihc whcih whic whihc wich
while,hwile
whole,hwole wohle
wholly,wholy
wield,weild
wielded,weilded
wife,wief
wild,weild
will,iwll wiull
wintry,wintery
witch,wich
with,iwth wiht witht wtih
withdraw,withdrawl
withdrawal,withdrawl
within,withing
women's,womens
won't,wont
wont,wont
work,owrk wokr wrok
working,wokring wroking
worsened,worstened
would,owudl woudl
write,rwite wriet
writing,wirting
written,writen
wrote,wroet
year,eyar yera
years,eyars eyasr yeasr yeras yersa
Nevada,nevade
Presbyterian,presbyterian
RSX,rsx
Stephen,Steffen
Susan,susan
ability,abilitey
about,abouy
absorption,absorbtion
accidentally,accidently
accommodate,accomodate acommadate
accord,acord
acquaintance,aquantance
acquire,equire
adultery,adultry
aggressive,aggresive
alcohol,alchohol
alcoholic,alchoholic
alive,allieve
all_right,alright
amateur,amature
ambivalent,ambivilant
amorphous,amourfous
amplification,amification
anatomy,anonomy anotomy
announce,annuncio
announcement,annonsment
anoint,annoint
anonymous,anynomous
appreciate,appresteate
appreciated,appreceiated
archetype,archeype
architecture,aratictature aricticure
arctic,artic
asterisk,asterick
asymmetric,asymetric
asymptote,asentote
at,ast
attentively,atentively
automatically,autoamlly
bankrupt,bankrot
basically,basicly
battalion,batallion
beginning,beggining beging bigginging
behavior,behaviour
behaviour,behavior
believe,beleive belive
benefits,benidifs
better,metter
bleat,blait
boycott,boygot
broccoli,brocolli
browse,bbrose
buoyant,bouyant
bureau,beauro
bureaucracy,beaurocracy buracracy burracracy
bush,buch
butter,buder budr budter
button,buton
by_by,byby
caller,cauler
came,gamne
caveats,cravets
cemetery,cemetary
changing,changeing
cheat,cheet
circle,cicle circue
circumstances,circumstaces
club,clob
cockamamie,cocamena
colleague,colleaque
colloquialism,colloquilism
colon,coaln
column,columne
combo,cumba
commercials,commerciasl
commitment,comitmment comittmen comittmend
committed,commited
committee,comitte commitee
companies,companys
compiler,comiler
complicated,compicated
computer,comupter
congratulations,congradulations
consensus,concensus
consistent,consident
consonant,consident
constant,contast contastant
continue,contunie
contribution,conibation
coolly,cooly
coping,copping
cosmopolitan,cosmoplyton
court,courst
crazy,crasy
credibility,credetability
critique,criqitue ctitique
croak,croke
crucified,crusifed
crucifixion,crucifiction
customization,custamisation
daily,daly
dangerous,danguages
dangle,dongle
decision,disition
defence,defense
defense,defence
defiantly,defenly
definite,definate
definitely,definately
deities,dieties
dependable,dependeble
description,descrption descrptn
desiccate,dessicate
despair,dispair
desperate,desparate
destroy,distroy
development,developement develpond
developments,develepment
dictionary,ductioneery
dinosaur,dinasaur dinasour
directly,direcyly
disagree,diagree
discuss,discuess
discussion,disssicion
dissect,disect
dissipate,disippate
distant,destint
distort,distart
distract,distarct
divulge,devulge
documentation,documtations
dog,dag doog
download,doenload
draft,deaft
dramatically,dramaticly
drunkenness,drunkeness
due,dur
during,duren
dynamic,dymatic dynaic
ecstasy,ecstacy
efficacy,efficity
efficient,efficat
efforts,effots
elegant,elagent elligit
embarrass,embarass embaress
embarrassment,embarassment
embed,imbed
encapsulation,encapsualtion
encyclopedia,encyclapidia encyclopia
engine,engins
enhance,enhence
enlightenment,enligtment
ennui,ennuui
enough,enought
environment,enviroment
environmental,envireminakl invermeantial
epitome,epitomy
error,errara erro
espresso,expresso
etiology,eitiology
evaluation,evaualtion
eventually,evtually
everything,evething
exceed,excede
except,excpt
execution,excution
exercise,excercise
exhilaration,exhileration
existence,egsistence existance
expedient,exspidient
explicitly,expleyly explity
extensions,extions
factorization,factontion
failure,failer
fantasia,phantasia
fantasy,famdasy
favor,faver
favour,faver
fax,faxe
festival,fistival
fiery,firey
flattering,flatterring
flux,fluk flukse
foresee,forsee
frustrating,frustartaion
function,fuction
generally,generly
gotten,gotton
government,goberment gobernement gobernment
graceful,gracefull
gradually,gradualy
grammar,grammer
guard,gaurd
guts,futs
happily,hapily
harass,harrass
have,havne
height,heighth
hello,hallo helo herlo
help,heellp hellp hlp
higher,higer
hippopotamus,hippopotamous
horse,hourse
housing,houssing
however,howaver howver
humanity,humaniti
hyphen,hifin hifine hiphine hyfin
hypothesis,hypotathes hypotathese
hysterical,hystrical
illegitimate,illegitament
immanent,immenant
immediately,imediaetly
implements,implemtes
in_case,incase
in_depth,indepth
in_fact,infact
inadvertent,inadvertant
incomplete,incompleet incomplot
inconvenience,inconvience
inconvenient,inconvenant
indent,ident
independent,independant independenent indepnends
indispensable,indispensible
inefficient,inefficite
infamy,imfamy
influential,influencial
initial,inital
initialized,initinized initized
inoculate,innoculate
insidious,incedious
insistent,insistant insistenet
installation,instulation
intelligent,intealignt intejilent intelegent intelegnent intelejent inteligent intelignt intellagant intellegent intellegint intellgnt
interested,intertes intertesd
interface,inerface
international,internation
interpret,interpretate
interpreter,interpretter
inventions,enventions
irresistible,irresistable
irritable,irritible
isotope,isotrop
iterate,interate
john,johhn
judgement,judgment
judgment,judgement
kilometer,lilometer
kilometre,lilometer
kipper,kippur
knowing,knawing
laser,luser
latest,latext
layer,lloyer
leave,leasve
leisure,lesure
lesion,liasion
liaison,liason
library,libary
likely,likly
liquefy,liquify
losing,lossing
madness,maddness
maintenance,maintanence
majority,majaerly majoraly
marshal,marshall
masks,maks
maximum,maxium
media,midia
memento,momento
memory,meory
metaphysical,pataphysical
mike,mic
millennium,millenium
minimum,minum
minuscule,miniscule
miscellaneous,misilous
mischievous,mischievious
monkey,minkay monkay
more,mroe
mosaic,mosaik
most_likely,mostlikely
mouser,mousr
moving,oving
naive,nieve
necessary,neccessary necesary necesser
neighbor,neighbour
neighbour,neighbor
nickelodeon,nickleodeon
niece,neice
no_one,noone
not_in,notin
noticeably,noticably
nuzzled,nozled
obfuscate,obsfuscate
objects,objectsion
occasion,ocassion
occasionally,accosinly occusionaly
occupied,occuppied
occurrence,occurence
octogenarian,octagenarian
old,olf
opossum,opposim
organize,organise organiz
orient,orientate
oscilloscope,oscilascope
parameter,parametic
parameters,paramers paranets
particular,partrucal
pattern,patten
peremptory,preemptory
permissible,permissable
permission,permition
permissive,permmasivie
phenomenal,phenominal
phone,fone
phonetic,funetik
picturesque,picaresque
playwright,playwrite
police,pollice
politic,politict
politician,polation
polygamy,poligamy
polypropylene,polypropalene
portray,protray
possible,possable
practical,practicle
pragmatism,pragmaticism
preceding,preceeding
precision,precion precios
prefixed,prefixt
prefixes,prefices
prerogative,perogative
privilege,privielage priviledge
problematic,proplematic
procedures,proceedures
pronunciation,pronensiation pronisation pronounciation
properly,properally
psychologist,pscolgst psicolagest psycolagest sicolagest
pursue,persue presue
pursued,presued
quiz,quoz
raccoon,reccona
radius,radious
rampantly,ramplily
rank,wrank
receive,recieve
recognize,reconise
recommend,reccomend
rectangle,rectangeles
recurring,reoccurring
redesign,redign
regardless,irregardless
repetition,repitition
replacement,replasments
resemblance,reseblence
respect,respct
respectfully,respecally
responsible,reposable
room,roon
roughly,rought
rudimentary,rudemtry
running,runnung
sacrilegious,sacreligious
safely,saftly
salute,salut
satisfy,satifly
scrabble,scrabdle
section,secion
segments,segements
seize,sieze
sense,sence
separate,seperate
several,seferal
sherbet,sherbert
signal,singal
simplicity,cimplicity simpfilty
simply,simplye
site,sitte
situation,situration
smile,smil
sneaked,snuck
sometimes,sometmes
sonic,soonec
specifically,specificialy
spell,spel
spoke,spoak
sponsored,sponsered
steering,stering
stomach,stumach
straitjacket,straightjacket
student,stutent
style_guide,styleguide
subpoena,subpena
subscribed,subjecribed
substitutions,subisitions substations
sugar,suger
superfluous,superfulous
supersede,supercede
swimwear,swim_wear
sylph,slyph
synchronization,syncorization
tattoos,tattos
team,tem
technically,techniquely
test,tesst ttest
tests,tets
than_or,thanot
that,taht
the,teh thw
themselves,theirselves
theoretical,teridical theridically
theoretically,thredically
this,ths
throughout,thruout
titillate,titalate
tomorrow,tommorrow tomorow
tough,taff
tragedy,tradegy
trouble,trubbel
tunnel_like,tunnellike
turned,tured
two,teo
tyranny,tyrrany
unconscious,unconscience
unconstitutional,unconisitional
under_ladder,underladder
unfortunately,unformanlly unfortally unfortunently
unintelligible,unentelegible
unnatural,unatourral unaturral unnaturral
up_cast,upcast
uranium,uranisium
utmost,upmost
version,verison
vinaigrette,vinagarette
volley,volye
voluntarism,volunteerism
voluptuous,volumptuous
wait,waite
want,mant
ward,whard
warlord,warloord
wasting,wadting
weaken,wicken
weird,wierd
what,whaaat
wimp,whimp
won't,wan't
writing,writting
yield,yeild
your,youe
